#Chromosome	Position	Status	Reference	e_coli_sakai_w_plasmids-duplicate-0	e_coli_sakai_w_plasmids-variant-0	e_coli_sakai_w_plasmids-variant-1	e_coli_sakai_w_plasmids-variant-2
gi|10955262|ref|NC_002127.1|	482	filtered-invalid	G	-	-	-	A
gi|10955262|ref|NC_002127.1|	1282	filtered-invalid	C	-	-	T	T
gi|10955262|ref|NC_002127.1|	1635	filtered-invalid	T	-	A	A	G
gi|10955262|ref|NC_002127.1|	2222	filtered-invalid	G	-	C	A	T
gi|10955262|ref|NC_002127.1|	2538	filtered-invalid	C	-	T	A	G
gi|10955262|ref|NC_002127.1|	2761	filtered-invalid	G	G	C	C	C
gi|10955262|ref|NC_002127.1|	2835	filtered-invalid	C	C	T	A	A
gi|10955266|ref|NC_002128.1|	409	filtered-invalid	G	G	A	A	C
gi|10955266|ref|NC_002128.1|	788	filtered-mpileup	A	A	T	T	T
gi|10955266|ref|NC_002128.1|	852	filtered-invalid	G	G	A	C	C
gi|10955266|ref|NC_002128.1|	1799	filtered-coverage	A	A	T	G	T
gi|10955266|ref|NC_002128.1|	1850	filtered-coverage	A	A	G	G	T
gi|10955266|ref|NC_002128.1|	3089	filtered-invalid	T	T	C	C	C
gi|10955266|ref|NC_002128.1|	4176	filtered-invalid	A	A	C	C	G
gi|10955266|ref|NC_002128.1|	4295	filtered-invalid	G	G	C	C	C
gi|10955266|ref|NC_002128.1|	4863	filtered-invalid	T	T	A	C	A
gi|15829254|ref|NC_002695.1|	137625	valid	C	C	G	A	A
gi|15829254|ref|NC_002695.1|	141228	valid	T	T	A	A	G
gi|15829254|ref|NC_002695.1|	141269	valid	T	T	C	C	A
gi|15829254|ref|NC_002695.1|	141713	valid	A	A	T	T	C
